{"epoch": 10, "train_loss": 0.2926411120105506, "val_loss": 0.4067692341139683, "train_acc": 0.7655038833618164, "train_rec": 0.7655038833618164, "train_prec": 0.7655038833618164, "train_f1": 0.7655038833618164, "val_acc_top1": 0.751937985420227, "val_rec": 0.751937985420227, "val_prec": 0.751937985420227, "val_f1": 0.751937985420227, "_timestamp": 1699674288.8053062, "_runtime": 2195.661791086197, "_step": 10, "test_acc": 0.743682324886322, "test_rec": 0.743682324886322, "test_prec": 0.743682324886322, "test_f1": 0.743682324886322, "_wandb": {"runtime": 1762}}