{"epoch": 3, "train_loss": 0.37540812466957774, "val_loss": 0.37393802175155055, "train_acc": 0.7441860437393188, "train_rec": 0.7441860437393188, "train_prec": 0.7441860437393188, "train_f1": 0.7441860437393188, "val_acc_top1": 0.7441860437393188, "val_rec": 0.7441860437393188, "val_prec": 0.7441860437393188, "val_f1": 0.7441860437393188, "_timestamp": 1699675624.3540657, "_runtime": 506.6307566165924, "_step": 2}