{"epoch": 10, "train_loss": 0.4208538436814565, "val_loss": 1.0011398654717665, "train_acc": 0.7054263353347778, "train_rec": 0.7054263353347778, "train_prec": 0.7973365187644958, "train_f1": 0.6950139403343201, "val_acc_top1": 0.42635658383369446, "val_rec": 0.42635658383369446, "val_prec": 0.7053949236869812, "val_f1": 0.4808656871318817, "_timestamp": 1699686734.5964196, "_runtime": 1437.7213785648346, "_step": 10, "test_acc": 0.42599278688430786, "test_rec": 0.42599278688430786, "test_prec": 0.697219967842102, "test_f1": 0.483121782541275, "_wandb": {"runtime": 1435}}