{"epoch": 25, "train_loss": 0.2916293287155211, "val_loss": 2.414684010239748, "train_acc": 0.8682170510292053, "train_rec": 0.8682170510292053, "train_prec": 0.8671395778656006, "train_f1": 0.8601326942443848, "val_acc_top1": 0.3178294599056244, "val_rec": 0.3178294599056244, "val_prec": 0.48513785004615784, "val_f1": 0.35110148787498474, "_timestamp": 1699692148.4452822, "_runtime": 3534.6287372112274, "_step": 25, "test_acc": 0.37906137108802795, "test_rec": 0.37906137108802795, "test_prec": 0.5153056979179382, "test_f1": 0.4089352488517761, "_wandb": {"runtime": 3532}}