{"epoch": 10, "train_loss": 0.16030015654107482, "val_loss": 0.42968075006053996, "train_acc": 0.9069767594337463, "train_rec": 0.9069767594337463, "train_prec": 0.9156468510627747, "train_f1": 0.8645989894866943, "val_acc_top1": 0.7441860437393188, "val_rec": 0.7441860437393188, "val_prec": 0.5538129210472107, "val_f1": 0.6350387334823608, "_timestamp": 1699679667.6272497, "_runtime": 1495.7971456050873, "_step": 10, "test_acc": 0.743682324886322, "test_rec": 0.743682324886322, "test_prec": 0.5530633926391602, "test_f1": 0.6343625783920288, "_wandb": {"runtime": 1493}}