{"epoch": 9, "train_loss": 0.7444050630713387, "val_loss": 1.6409754753112793, "train_acc": 0.6375969648361206, "train_rec": 0.6375969648361206, "train_prec": 0.6658632755279541, "train_f1": 0.5732091665267944, "val_acc_top1": 0.3100775480270386, "val_rec": 0.3100775480270386, "val_prec": 0.5404983758926392, "val_f1": 0.3252139091491699, "_timestamp": 1699688471.142611, "_runtime": 1247.0067069530487, "_step": 8}