{"epoch": 10, "train_loss": 0.4026862212796082, "val_loss": 0.5527426451444626, "train_acc": 0.7596899271011353, "train_rec": 0.7596899271011353, "train_prec": 0.5797244906425476, "train_f1": 0.6576170325279236, "val_acc_top1": 0.6279069781303406, "val_rec": 0.6279069781303406, "val_prec": 0.41860464215278625, "val_f1": 0.5023255944252014, "_timestamp": 1699682247.5380793, "_runtime": 1471.0962913036346, "_step": 10, "test_acc": 0.6389891505241394, "test_rec": 0.6389891505241394, "test_prec": 0.5212308764457703, "test_f1": 0.5188836455345154, "_wandb": {"runtime": 1469}}