{"epoch": 10, "train_loss": 0.25554492494972175, "val_loss": 0.6737263305829122, "train_acc": 0.9127907156944275, "train_rec": 0.9127907156944275, "train_prec": 0.9127907156944275, "train_f1": 0.9127907156944275, "val_acc_top1": 0.7364341020584106, "val_rec": 0.7364341020584106, "val_prec": 0.7364341020584106, "val_f1": 0.7364341020584106, "_timestamp": 1699677794.7704265, "_runtime": 1463.4404466152191, "_step": 10, "test_acc": 0.743682324886322, "test_rec": 0.743682324886322, "test_prec": 0.743682324886322, "test_f1": 0.743682324886322, "_wandb": {"runtime": 1461}}